OAT34591.1/111-221	EFA3863398.1	562	Escherichia coli	-_cellular organisms;d_Bacteria;p_Proteobacteria;c_Gammaproteobacteria;o_Enterobacterales;f_Enterobacteriaceae;g_Escherichia;s_Escherichia coli
OAT34591.1/111-221	EFA4025084.1	562	Escherichia coli	-_cellular organisms;d_Bacteria;p_Proteobacteria;c_Gammaproteobacteria;o_Enterobacterales;f_Enterobacteriaceae;g_Escherichia;s_Escherichia coli
OAT34591.1/111-221	HAX5242582.1	562	Escherichia coli	-_cellular organisms;d_Bacteria;p_Proteobacteria;c_Gammaproteobacteria;o_Enterobacterales;f_Enterobacteriaceae;g_Escherichia;s_Escherichia coli
OAT34591.1/111-221	WP_215253526.1	562	Escherichia coli	-_cellular organisms;d_Bacteria;p_Proteobacteria;c_Gammaproteobacteria;o_Enterobacterales;f_Enterobacteriaceae;g_Escherichia;s_Escherichia coli
OAT34591.1/111-221	MBE9845943.1	562	Escherichia coli	-_cellular organisms;d_Bacteria;p_Proteobacteria;c_Gammaproteobacteria;o_Enterobacterales;f_Enterobacteriaceae;g_Escherichia;s_Escherichia coli
OAT34591.1/111-221	HBB9284342.1	562	Escherichia coli	-_cellular organisms;d_Bacteria;p_Proteobacteria;c_Gammaproteobacteria;o_Enterobacterales;f_Enterobacteriaceae;g_Escherichia;s_Escherichia coli
OAT34591.1/111-221	HBB7807804.1	562	Escherichia coli	-_cellular organisms;d_Bacteria;p_Proteobacteria;c_Gammaproteobacteria;o_Enterobacterales;f_Enterobacteriaceae;g_Escherichia;s_Escherichia coli
OAT34591.1/111-221	EBS7633517.1	28901	Salmonella enterica	-_cellular organisms;d_Bacteria;p_Proteobacteria;c_Gammaproteobacteria;o_Enterobacterales;f_Enterobacteriaceae;g_Salmonella;s_Salmonella enterica
OAT34591.1/111-221	WP_226917454.1	562	Escherichia coli	-_cellular organisms;d_Bacteria;p_Proteobacteria;c_Gammaproteobacteria;o_Enterobacterales;f_Enterobacteriaceae;g_Escherichia;s_Escherichia coli
OAT34591.1/111-221	OAT34591.1	1354251	Buttiauxella brennerae ATCC 51605	-_cellular organisms;d_Bacteria;p_Proteobacteria;c_Gammaproteobacteria;o_Enterobacterales;f_Enterobacteriaceae;g_Buttiauxella;s_Buttiauxella brennerae;-_Buttiauxella brennerae ATCC 51605
OAT34591.1/111-221	WP_074388294.1	82988	Buttiauxella brennerae	-_cellular organisms;d_Bacteria;p_Proteobacteria;c_Gammaproteobacteria;o_Enterobacterales;f_Enterobacteriaceae;g_Buttiauxella;s_Buttiauxella brennerae
OAT34591.1/111-221	EGL4138096.1	562	Escherichia coli	-_cellular organisms;d_Bacteria;p_Proteobacteria;c_Gammaproteobacteria;o_Enterobacterales;f_Enterobacteriaceae;g_Escherichia;s_Escherichia coli
OAT34591.1/111-221	HBA9372628.1	562	Escherichia coli	-_cellular organisms;d_Bacteria;p_Proteobacteria;c_Gammaproteobacteria;o_Enterobacterales;f_Enterobacteriaceae;g_Escherichia;s_Escherichia coli
OAT34591.1/111-221	EFH1558199.1	562	Escherichia coli	-_cellular organisms;d_Bacteria;p_Proteobacteria;c_Gammaproteobacteria;o_Enterobacterales;f_Enterobacteriaceae;g_Escherichia;s_Escherichia coli
OAT34591.1/111-221	WP_198646762.1	562	Escherichia coli	-_cellular organisms;d_Bacteria;p_Proteobacteria;c_Gammaproteobacteria;o_Enterobacterales;f_Enterobacteriaceae;g_Escherichia;s_Escherichia coli
OAT34591.1/111-221	WP_198600838.1	562	Escherichia coli	-_cellular organisms;d_Bacteria;p_Proteobacteria;c_Gammaproteobacteria;o_Enterobacterales;f_Enterobacteriaceae;g_Escherichia;s_Escherichia coli
OAT34591.1/111-221	WP_201484016.1	562	Escherichia coli	-_cellular organisms;d_Bacteria;p_Proteobacteria;c_Gammaproteobacteria;o_Enterobacterales;f_Enterobacteriaceae;g_Escherichia;s_Escherichia coli
OAT34591.1/111-221	HBA8993944.1	562	Escherichia coli	-_cellular organisms;d_Bacteria;p_Proteobacteria;c_Gammaproteobacteria;o_Enterobacterales;f_Enterobacteriaceae;g_Escherichia;s_Escherichia coli
OAT34591.1/111-221	WP_227897872.1	562	Escherichia coli	-_cellular organisms;d_Bacteria;p_Proteobacteria;c_Gammaproteobacteria;o_Enterobacterales;f_Enterobacteriaceae;g_Escherichia;s_Escherichia coli
OAT34591.1/111-221	HBA8659875.1	562	Escherichia coli	-_cellular organisms;d_Bacteria;p_Proteobacteria;c_Gammaproteobacteria;o_Enterobacterales;f_Enterobacteriaceae;g_Escherichia;s_Escherichia coli
OAT34591.1/111-221	CAD5609055.1	562	Escherichia coli	-_cellular organisms;d_Bacteria;p_Proteobacteria;c_Gammaproteobacteria;o_Enterobacterales;f_Enterobacteriaceae;g_Escherichia;s_Escherichia coli
OAT34591.1/111-221	CAD5725508.1	562	Escherichia coli	-_cellular organisms;d_Bacteria;p_Proteobacteria;c_Gammaproteobacteria;o_Enterobacterales;f_Enterobacteriaceae;g_Escherichia;s_Escherichia coli
OAT34591.1/111-221	EHE4233743.1	562	Escherichia coli	-_cellular organisms;d_Bacteria;p_Proteobacteria;c_Gammaproteobacteria;o_Enterobacterales;f_Enterobacteriaceae;g_Escherichia;s_Escherichia coli
OAT34591.1/111-221	EFG6902125.1	562	Escherichia coli	-_cellular organisms;d_Bacteria;p_Proteobacteria;c_Gammaproteobacteria;o_Enterobacterales;f_Enterobacteriaceae;g_Escherichia;s_Escherichia coli
OAT34591.1/111-221	EFG2063196.1	562	Escherichia coli	-_cellular organisms;d_Bacteria;p_Proteobacteria;c_Gammaproteobacteria;o_Enterobacterales;f_Enterobacteriaceae;g_Escherichia;s_Escherichia coli
OAT34591.1/111-221	EET5475617.1	562	Escherichia coli	-_cellular organisms;d_Bacteria;p_Proteobacteria;c_Gammaproteobacteria;o_Enterobacterales;f_Enterobacteriaceae;g_Escherichia;s_Escherichia coli
OAT34591.1/111-221	EHS0434307.1	562	Escherichia coli	-_cellular organisms;d_Bacteria;p_Proteobacteria;c_Gammaproteobacteria;o_Enterobacterales;f_Enterobacteriaceae;g_Escherichia;s_Escherichia coli
OAT34591.1/111-221	EET3642612.1	562	Escherichia coli	-_cellular organisms;d_Bacteria;p_Proteobacteria;c_Gammaproteobacteria;o_Enterobacterales;f_Enterobacteriaceae;g_Escherichia;s_Escherichia coli
OAT34591.1/111-221	EFG3954619.1	562	Escherichia coli	-_cellular organisms;d_Bacteria;p_Proteobacteria;c_Gammaproteobacteria;o_Enterobacterales;f_Enterobacteriaceae;g_Escherichia;s_Escherichia coli
OAT34591.1/111-221	EFG2138610.1	562	Escherichia coli	-_cellular organisms;d_Bacteria;p_Proteobacteria;c_Gammaproteobacteria;o_Enterobacterales;f_Enterobacteriaceae;g_Escherichia;s_Escherichia coli
OAT34591.1/111-221	EFC2366075.1	562	Escherichia coli	-_cellular organisms;d_Bacteria;p_Proteobacteria;c_Gammaproteobacteria;o_Enterobacterales;f_Enterobacteriaceae;g_Escherichia;s_Escherichia coli
OAT34591.1/111-221	EFG2996669.1	562	Escherichia coli	-_cellular organisms;d_Bacteria;p_Proteobacteria;c_Gammaproteobacteria;o_Enterobacterales;f_Enterobacteriaceae;g_Escherichia;s_Escherichia coli
OAT34591.1/111-221	EFH0337394.1	562	Escherichia coli	-_cellular organisms;d_Bacteria;p_Proteobacteria;c_Gammaproteobacteria;o_Enterobacterales;f_Enterobacteriaceae;g_Escherichia;s_Escherichia coli
OAT34591.1/111-221	EFG6955268.1	562	Escherichia coli	-_cellular organisms;d_Bacteria;p_Proteobacteria;c_Gammaproteobacteria;o_Enterobacterales;f_Enterobacteriaceae;g_Escherichia;s_Escherichia coli
OAT34591.1/111-221	HBB2344220.1	562	Escherichia coli	-_cellular organisms;d_Bacteria;p_Proteobacteria;c_Gammaproteobacteria;o_Enterobacterales;f_Enterobacteriaceae;g_Escherichia;s_Escherichia coli
OAT34591.1/111-221	EES8101959.1	562	Escherichia coli	-_cellular organisms;d_Bacteria;p_Proteobacteria;c_Gammaproteobacteria;o_Enterobacterales;f_Enterobacteriaceae;g_Escherichia;s_Escherichia coli
OAT34591.1/111-221	EFF4381398.1	562	Escherichia coli	-_cellular organisms;d_Bacteria;p_Proteobacteria;c_Gammaproteobacteria;o_Enterobacterales;f_Enterobacteriaceae;g_Escherichia;s_Escherichia coli
OAT34591.1/111-221	WP_205937608.1	562	Escherichia coli	-_cellular organisms;d_Bacteria;p_Proteobacteria;c_Gammaproteobacteria;o_Enterobacterales;f_Enterobacteriaceae;g_Escherichia;s_Escherichia coli
OAT34591.1/111-221	EFG7456213.1	562	Escherichia coli	-_cellular organisms;d_Bacteria;p_Proteobacteria;c_Gammaproteobacteria;o_Enterobacterales;f_Enterobacteriaceae;g_Escherichia;s_Escherichia coli
OAT34591.1/111-221	EFT8042589.1	562	Escherichia coli	-_cellular organisms;d_Bacteria;p_Proteobacteria;c_Gammaproteobacteria;o_Enterobacterales;f_Enterobacteriaceae;g_Escherichia;s_Escherichia coli
OAT34591.1/111-221	MBF5130251.1	562	Escherichia coli	-_cellular organisms;d_Bacteria;p_Proteobacteria;c_Gammaproteobacteria;o_Enterobacterales;f_Enterobacteriaceae;g_Escherichia;s_Escherichia coli
OAT34591.1/111-221	CTY71008.1	562	Escherichia coli	-_cellular organisms;d_Bacteria;p_Proteobacteria;c_Gammaproteobacteria;o_Enterobacterales;f_Enterobacteriaceae;g_Escherichia;s_Escherichia coli
OAT34591.1/111-221	WP_135563987.1	562	Escherichia coli	-_cellular organisms;d_Bacteria;p_Proteobacteria;c_Gammaproteobacteria;o_Enterobacterales;f_Enterobacteriaceae;g_Escherichia;s_Escherichia coli
OAT34591.1/111-221	WP_077817046.1	562	Escherichia coli	-_cellular organisms;d_Bacteria;p_Proteobacteria;c_Gammaproteobacteria;o_Enterobacterales;f_Enterobacteriaceae;g_Escherichia;s_Escherichia coli
OAT34591.1/111-221	EIN3608380.1	562	Escherichia coli	-_cellular organisms;d_Bacteria;p_Proteobacteria;c_Gammaproteobacteria;o_Enterobacterales;f_Enterobacteriaceae;g_Escherichia;s_Escherichia coli
OAT34591.1/111-221	WP_097733161.1	562	Escherichia coli	-_cellular organisms;d_Bacteria;p_Proteobacteria;c_Gammaproteobacteria;o_Enterobacterales;f_Enterobacteriaceae;g_Escherichia;s_Escherichia coli
OAT34591.1/111-221	WP_077819844.1	562	Escherichia coli	-_cellular organisms;d_Bacteria;p_Proteobacteria;c_Gammaproteobacteria;o_Enterobacterales;f_Enterobacteriaceae;g_Escherichia;s_Escherichia coli
OAT34591.1/111-221	HBA7796025.1	562	Escherichia coli	-_cellular organisms;d_Bacteria;p_Proteobacteria;c_Gammaproteobacteria;o_Enterobacterales;f_Enterobacteriaceae;g_Escherichia;s_Escherichia coli
OAT34591.1/111-221	EEU9285040.1	562	Escherichia coli	-_cellular organisms;d_Bacteria;p_Proteobacteria;c_Gammaproteobacteria;o_Enterobacterales;f_Enterobacteriaceae;g_Escherichia;s_Escherichia coli
OAT34591.1/111-221	EIC1096215.1	562	Escherichia coli	-_cellular organisms;d_Bacteria;p_Proteobacteria;c_Gammaproteobacteria;o_Enterobacterales;f_Enterobacteriaceae;g_Escherichia;s_Escherichia coli
OAT34591.1/111-221	EFF8682181.1	562	Escherichia coli	-_cellular organisms;d_Bacteria;p_Proteobacteria;c_Gammaproteobacteria;o_Enterobacterales;f_Enterobacteriaceae;g_Escherichia;s_Escherichia coli
OAT34591.1/111-221	MBB7673984.1	562	Escherichia coli	-_cellular organisms;d_Bacteria;p_Proteobacteria;c_Gammaproteobacteria;o_Enterobacterales;f_Enterobacteriaceae;g_Escherichia;s_Escherichia coli
OAT34591.1/111-221	EFJ5717609.1	562	Escherichia coli	-_cellular organisms;d_Bacteria;p_Proteobacteria;c_Gammaproteobacteria;o_Enterobacterales;f_Enterobacteriaceae;g_Escherichia;s_Escherichia coli
OAT34591.1/111-221	EFG6906406.1	562	Escherichia coli	-_cellular organisms;d_Bacteria;p_Proteobacteria;c_Gammaproteobacteria;o_Enterobacterales;f_Enterobacteriaceae;g_Escherichia;s_Escherichia coli
OAT34591.1/111-221	WP_096838613.1	562	Escherichia coli	-_cellular organisms;d_Bacteria;p_Proteobacteria;c_Gammaproteobacteria;o_Enterobacterales;f_Enterobacteriaceae;g_Escherichia;s_Escherichia coli
OAT34591.1/111-221	MBB7703179.1	562	Escherichia coli	-_cellular organisms;d_Bacteria;p_Proteobacteria;c_Gammaproteobacteria;o_Enterobacterales;f_Enterobacteriaceae;g_Escherichia;s_Escherichia coli
OAT34591.1/111-221	EFB6295331.1	562	Escherichia coli	-_cellular organisms;d_Bacteria;p_Proteobacteria;c_Gammaproteobacteria;o_Enterobacterales;f_Enterobacteriaceae;g_Escherichia;s_Escherichia coli
OAT34591.1/111-221	RDA73754.1	546367	Hafnia paralvei	-_cellular organisms;d_Bacteria;p_Proteobacteria;c_Gammaproteobacteria;o_Enterobacterales;f_Hafniaceae;g_Hafnia;s_Hafnia paralvei
OAT34591.1/111-221	WP_114445066.1	546367	Hafnia paralvei	-_cellular organisms;d_Bacteria;p_Proteobacteria;c_Gammaproteobacteria;o_Enterobacterales;f_Hafniaceae;g_Hafnia;s_Hafnia paralvei
OAT34591.1/111-221	EEW8976778.1	562	Escherichia coli	-_cellular organisms;d_Bacteria;p_Proteobacteria;c_Gammaproteobacteria;o_Enterobacterales;f_Enterobacteriaceae;g_Escherichia;s_Escherichia coli
OAT34591.1/111-221	EFL0319162.1	562	Escherichia coli	-_cellular organisms;d_Bacteria;p_Proteobacteria;c_Gammaproteobacteria;o_Enterobacterales;f_Enterobacteriaceae;g_Escherichia;s_Escherichia coli
OAT34591.1/111-221	TDN50636.1	2485129	Buttiauxella sp. JUb87	-_cellular organisms;d_Bacteria;p_Proteobacteria;c_Gammaproteobacteria;o_Enterobacterales;f_Enterobacteriaceae;g_Buttiauxella;-_unclassified Buttiauxella;s_Buttiauxella sp. JUb87
OAT34591.1/111-221	WP_133522744.1	2485129	Buttiauxella sp. JUb87	-_cellular organisms;d_Bacteria;p_Proteobacteria;c_Gammaproteobacteria;o_Enterobacterales;f_Enterobacteriaceae;g_Buttiauxella;-_unclassified Buttiauxella;s_Buttiauxella sp. JUb87
OAT34591.1/111-221	HAL9453344.1	562	Escherichia coli	-_cellular organisms;d_Bacteria;p_Proteobacteria;c_Gammaproteobacteria;o_Enterobacterales;f_Enterobacteriaceae;g_Escherichia;s_Escherichia coli
OAT34591.1/111-221	HBC0558340.1	546	Citrobacter freundii	-_cellular organisms;d_Bacteria;p_Proteobacteria;c_Gammaproteobacteria;o_Enterobacterales;f_Enterobacteriaceae;g_Citrobacter;-_Citrobacter freundii complex;s_Citrobacter freundii
OAT34591.1/111-221	UDR02410.1	546	Citrobacter freundii	-_cellular organisms;d_Bacteria;p_Proteobacteria;c_Gammaproteobacteria;o_Enterobacterales;f_Enterobacteriaceae;g_Citrobacter;-_Citrobacter freundii complex;s_Citrobacter freundii
OAT34591.1/111-221	MBW9455236.1	1639133	Citrobacter portucalensis	-_cellular organisms;d_Bacteria;p_Proteobacteria;c_Gammaproteobacteria;o_Enterobacterales;f_Enterobacteriaceae;g_Citrobacter;-_Citrobacter freundii complex;s_Citrobacter portucalensis
OAT34591.1/111-221	WP_006684428.1	133448	Citrobacter youngae	-_cellular organisms;d_Bacteria;p_Proteobacteria;c_Gammaproteobacteria;o_Enterobacterales;f_Enterobacteriaceae;g_Citrobacter;-_Citrobacter freundii complex;s_Citrobacter youngae
OAT34591.1/111-221	RRL32014.1	562	Escherichia coli	-_cellular organisms;d_Bacteria;p_Proteobacteria;c_Gammaproteobacteria;o_Enterobacterales;f_Enterobacteriaceae;g_Escherichia;s_Escherichia coli
OAT34591.1/111-221	HAM4794410.1	562	Escherichia coli	-_cellular organisms;d_Bacteria;p_Proteobacteria;c_Gammaproteobacteria;o_Enterobacterales;f_Enterobacteriaceae;g_Escherichia;s_Escherichia coli
OAT34591.1/111-221	WP_094030602.1	562	Escherichia coli	-_cellular organisms;d_Bacteria;p_Proteobacteria;c_Gammaproteobacteria;o_Enterobacterales;f_Enterobacteriaceae;g_Escherichia;s_Escherichia coli
OAT34591.1/111-221	WP_222691335.1	562	Escherichia coli	-_cellular organisms;d_Bacteria;p_Proteobacteria;c_Gammaproteobacteria;o_Enterobacterales;f_Enterobacteriaceae;g_Escherichia;s_Escherichia coli
OAT34591.1/111-221	WP_222700838.1	562	Escherichia coli	-_cellular organisms;d_Bacteria;p_Proteobacteria;c_Gammaproteobacteria;o_Enterobacterales;f_Enterobacteriaceae;g_Escherichia;s_Escherichia coli
OAT34591.1/111-221	WP_148725804.1	562	Escherichia coli	-_cellular organisms;d_Bacteria;p_Proteobacteria;c_Gammaproteobacteria;o_Enterobacterales;f_Enterobacteriaceae;g_Escherichia;s_Escherichia coli
OAT34591.1/111-221	EFK4235271.1	562	Escherichia coli	-_cellular organisms;d_Bacteria;p_Proteobacteria;c_Gammaproteobacteria;o_Enterobacterales;f_Enterobacteriaceae;g_Escherichia;s_Escherichia coli
OAT34591.1/111-221	EEW2094677.1	562	Escherichia coli	-_cellular organisms;d_Bacteria;p_Proteobacteria;c_Gammaproteobacteria;o_Enterobacterales;f_Enterobacteriaceae;g_Escherichia;s_Escherichia coli
OAT34591.1/111-221	CAD5864078.1	562	Escherichia coli	-_cellular organisms;d_Bacteria;p_Proteobacteria;c_Gammaproteobacteria;o_Enterobacterales;f_Enterobacteriaceae;g_Escherichia;s_Escherichia coli
OAT34591.1/111-221	WP_201489414.1	562	Escherichia coli	-_cellular organisms;d_Bacteria;p_Proteobacteria;c_Gammaproteobacteria;o_Enterobacterales;f_Enterobacteriaceae;g_Escherichia;s_Escherichia coli
OAT34591.1/111-221	MMP45504.1	562	Escherichia coli	-_cellular organisms;d_Bacteria;p_Proteobacteria;c_Gammaproteobacteria;o_Enterobacterales;f_Enterobacteriaceae;g_Escherichia;s_Escherichia coli
OAT34591.1/111-221	HBC1008405.1	562	Escherichia coli	-_cellular organisms;d_Bacteria;p_Proteobacteria;c_Gammaproteobacteria;o_Enterobacterales;f_Enterobacteriaceae;g_Escherichia;s_Escherichia coli
OAT34591.1/111-221	EFD5377617.1	562	Escherichia coli	-_cellular organisms;d_Bacteria;p_Proteobacteria;c_Gammaproteobacteria;o_Enterobacterales;f_Enterobacteriaceae;g_Escherichia;s_Escherichia coli
OAT34591.1/111-221	EIH9903487.1	562	Escherichia coli	-_cellular organisms;d_Bacteria;p_Proteobacteria;c_Gammaproteobacteria;o_Enterobacterales;f_Enterobacteriaceae;g_Escherichia;s_Escherichia coli
OAT34591.1/111-221	HAO0315622.1	562	Escherichia coli	-_cellular organisms;d_Bacteria;p_Proteobacteria;c_Gammaproteobacteria;o_Enterobacterales;f_Enterobacteriaceae;g_Escherichia;s_Escherichia coli
OAT34591.1/111-221	EHS6967958.1	562	Escherichia coli	-_cellular organisms;d_Bacteria;p_Proteobacteria;c_Gammaproteobacteria;o_Enterobacterales;f_Enterobacteriaceae;g_Escherichia;s_Escherichia coli
OAT34591.1/111-221	EFM4206130.1	562	Escherichia coli	-_cellular organisms;d_Bacteria;p_Proteobacteria;c_Gammaproteobacteria;o_Enterobacterales;f_Enterobacteriaceae;g_Escherichia;s_Escherichia coli
OAT34591.1/111-221	EEW1875803.1	562	Escherichia coli	-_cellular organisms;d_Bacteria;p_Proteobacteria;c_Gammaproteobacteria;o_Enterobacterales;f_Enterobacteriaceae;g_Escherichia;s_Escherichia coli
OAT34591.1/111-221	EFC4195430.1	562	Escherichia coli	-_cellular organisms;d_Bacteria;p_Proteobacteria;c_Gammaproteobacteria;o_Enterobacterales;f_Enterobacteriaceae;g_Escherichia;s_Escherichia coli
OAT34591.1/111-221	EHN5612946.1	562	Escherichia coli	-_cellular organisms;d_Bacteria;p_Proteobacteria;c_Gammaproteobacteria;o_Enterobacterales;f_Enterobacteriaceae;g_Escherichia;s_Escherichia coli
OAT34591.1/111-221	EHK7242013.1	562	Escherichia coli	-_cellular organisms;d_Bacteria;p_Proteobacteria;c_Gammaproteobacteria;o_Enterobacterales;f_Enterobacteriaceae;g_Escherichia;s_Escherichia coli
OAT34591.1/111-221	EIG1657169.1	562	Escherichia coli	-_cellular organisms;d_Bacteria;p_Proteobacteria;c_Gammaproteobacteria;o_Enterobacterales;f_Enterobacteriaceae;g_Escherichia;s_Escherichia coli
OAT34591.1/111-221	EHL6117881.1	562	Escherichia coli	-_cellular organisms;d_Bacteria;p_Proteobacteria;c_Gammaproteobacteria;o_Enterobacterales;f_Enterobacteriaceae;g_Escherichia;s_Escherichia coli
OAT34591.1/111-221	WP_199773146.1	562	Escherichia coli	-_cellular organisms;d_Bacteria;p_Proteobacteria;c_Gammaproteobacteria;o_Enterobacterales;f_Enterobacteriaceae;g_Escherichia;s_Escherichia coli
OAT34591.1/111-221	EIH1239999.1	562	Escherichia coli	-_cellular organisms;d_Bacteria;p_Proteobacteria;c_Gammaproteobacteria;o_Enterobacterales;f_Enterobacteriaceae;g_Escherichia;s_Escherichia coli
OAT34591.1/111-221	WP_211760213.1	562	Escherichia coli	-_cellular organisms;d_Bacteria;p_Proteobacteria;c_Gammaproteobacteria;o_Enterobacterales;f_Enterobacteriaceae;g_Escherichia;s_Escherichia coli
OAT34591.1/111-221	EHO2960826.1	28901	Salmonella enterica	-_cellular organisms;d_Bacteria;p_Proteobacteria;c_Gammaproteobacteria;o_Enterobacterales;f_Enterobacteriaceae;g_Salmonella;s_Salmonella enterica
OAT34591.1/111-221	EAT9997661.1	28901	Salmonella enterica	-_cellular organisms;d_Bacteria;p_Proteobacteria;c_Gammaproteobacteria;o_Enterobacterales;f_Enterobacteriaceae;g_Salmonella;s_Salmonella enterica
OAT34591.1/111-221	HAF1775320.1	28901	Salmonella enterica	-_cellular organisms;d_Bacteria;p_Proteobacteria;c_Gammaproteobacteria;o_Enterobacterales;f_Enterobacteriaceae;g_Salmonella;s_Salmonella enterica
OAT34591.1/111-221	EDQ9895259.1	59201	Salmonella enterica subsp. enterica	-_cellular organisms;d_Bacteria;p_Proteobacteria;c_Gammaproteobacteria;o_Enterobacterales;f_Enterobacteriaceae;g_Salmonella;s_Salmonella enterica;-_Salmonella enterica subsp. enterica
OAT34591.1/111-221	TLI87252.1	2044466	Escherichia sp. E4736	-_cellular organisms;d_Bacteria;p_Proteobacteria;c_Gammaproteobacteria;o_Enterobacterales;f_Enterobacteriaceae;g_Escherichia;-_unclassified Escherichia;s_Escherichia sp. E4736
OAT34591.1/111-221	WP_138211966.1	2044460	Escherichia sp. E2748	-_cellular organisms;d_Bacteria;p_Proteobacteria;c_Gammaproteobacteria;o_Enterobacterales;f_Enterobacteriaceae;g_Escherichia;-_unclassified Escherichia;s_Escherichia sp. E2748
OAT34591.1/111-221	EBG2927373.1	59201	Salmonella enterica subsp. enterica	-_cellular organisms;d_Bacteria;p_Proteobacteria;c_Gammaproteobacteria;o_Enterobacterales;f_Enterobacteriaceae;g_Salmonella;s_Salmonella enterica;-_Salmonella enterica subsp. enterica
OAT34591.1/111-221	EEV6996099.1	562	Escherichia coli	-_cellular organisms;d_Bacteria;p_Proteobacteria;c_Gammaproteobacteria;o_Enterobacterales;f_Enterobacteriaceae;g_Escherichia;s_Escherichia coli
OAT34591.1/111-221	WP_183083190.1	2723305	Escherichia sp. 93.0724	-_cellular organisms;d_Bacteria;p_Proteobacteria;c_Gammaproteobacteria;o_Enterobacterales;f_Enterobacteriaceae;g_Escherichia;-_unclassified Escherichia;s_Escherichia sp. 93.0724
OAT34591.1/111-221	ECE0500812.1	59201	Salmonella enterica subsp. enterica	-_cellular organisms;d_Bacteria;p_Proteobacteria;c_Gammaproteobacteria;o_Enterobacterales;f_Enterobacteriaceae;g_Salmonella;s_Salmonella enterica;-_Salmonella enterica subsp. enterica
OAT34591.1/111-221	WP_105276617.1	2608889	unclassified Escherichia	-_cellular organisms;d_Bacteria;p_Proteobacteria;c_Gammaproteobacteria;o_Enterobacterales;f_Enterobacteriaceae;g_Escherichia;-_unclassified Escherichia
OAT34591.1/111-221	WP_105225148.1	2608889	unclassified Escherichia	-_cellular organisms;d_Bacteria;p_Proteobacteria;c_Gammaproteobacteria;o_Enterobacterales;f_Enterobacteriaceae;g_Escherichia;-_unclassified Escherichia
OAT34591.1/111-221	WP_105288926.1	2093877	Escherichia sp. MOD1-EC5948	-_cellular organisms;d_Bacteria;p_Proteobacteria;c_Gammaproteobacteria;o_Enterobacterales;f_Enterobacteriaceae;g_Escherichia;-_unclassified Escherichia;s_Escherichia sp. MOD1-EC5948
OAT34591.1/111-221	RDR41115.1	1499973	Escherichia marmotae	-_cellular organisms;d_Bacteria;p_Proteobacteria;c_Gammaproteobacteria;o_Enterobacterales;f_Enterobacteriaceae;g_Escherichia;s_Escherichia marmotae
OAT34591.1/111-221	EFO1477231.1	562	Escherichia coli	-_cellular organisms;d_Bacteria;p_Proteobacteria;c_Gammaproteobacteria;o_Enterobacterales;f_Enterobacteriaceae;g_Escherichia;s_Escherichia coli
OAT34591.1/111-221	WP_115440060.1	1499973	Escherichia marmotae	-_cellular organisms;d_Bacteria;p_Proteobacteria;c_Gammaproteobacteria;o_Enterobacterales;f_Enterobacteriaceae;g_Escherichia;s_Escherichia marmotae
OAT34591.1/111-221	EED3256687.1	59201	Salmonella enterica subsp. enterica	-_cellular organisms;d_Bacteria;p_Proteobacteria;c_Gammaproteobacteria;o_Enterobacterales;f_Enterobacteriaceae;g_Salmonella;s_Salmonella enterica;-_Salmonella enterica subsp. enterica
OAT34591.1/111-221	EDV4676305.1	179997	Salmonella enterica subsp. enterica serovar Havana	-_cellular organisms;d_Bacteria;p_Proteobacteria;c_Gammaproteobacteria;o_Enterobacterales;f_Enterobacteriaceae;g_Salmonella;s_Salmonella enterica;-_Salmonella enterica subsp. enterica;-_Salmonella enterica subsp. enterica serovar Havana
OAT34591.1/111-221	WP_183072630.1	28901	Salmonella enterica	-_cellular organisms;d_Bacteria;p_Proteobacteria;c_Gammaproteobacteria;o_Enterobacterales;f_Enterobacteriaceae;g_Salmonella;s_Salmonella enterica
OAT34591.1/111-221	EDH6603941.1	2564458	Salmonella enterica subsp. enterica serovar Gambia	-_cellular organisms;d_Bacteria;p_Proteobacteria;c_Gammaproteobacteria;o_Enterobacterales;f_Enterobacteriaceae;g_Salmonella;s_Salmonella enterica;-_Salmonella enterica subsp. enterica;-_Salmonella enterica subsp. enterica serovar Gambia
OAT34591.1/111-221	EBZ5872906.1	2564789	Salmonella enterica subsp. enterica serovar Millesi	-_cellular organisms;d_Bacteria;p_Proteobacteria;c_Gammaproteobacteria;o_Enterobacterales;f_Enterobacteriaceae;g_Salmonella;s_Salmonella enterica;-_Salmonella enterica subsp. enterica;-_Salmonella enterica subsp. enterica serovar Millesi
OAT34591.1/111-221	AZT39531.1	2500153	Salmonella enterica subsp. enterica serovar Karamoja	-_cellular organisms;d_Bacteria;p_Proteobacteria;c_Gammaproteobacteria;o_Enterobacterales;f_Enterobacteriaceae;g_Salmonella;s_Salmonella enterica;-_Salmonella enterica subsp. enterica;-_Salmonella enterica subsp. enterica serovar Karamoja
OAT34591.1/111-221	WP_077929593.1	28901	Salmonella enterica	-_cellular organisms;d_Bacteria;p_Proteobacteria;c_Gammaproteobacteria;o_Enterobacterales;f_Enterobacteriaceae;g_Salmonella;s_Salmonella enterica
OAT34591.1/111-221	WP_135492024.1	2044460	Escherichia sp. E2748	-_cellular organisms;d_Bacteria;p_Proteobacteria;c_Gammaproteobacteria;o_Enterobacterales;f_Enterobacteriaceae;g_Escherichia;-_unclassified Escherichia;s_Escherichia sp. E2748
OAT34591.1/111-221	WP_105267668.1	561	Escherichia	-_cellular organisms;d_Bacteria;p_Proteobacteria;c_Gammaproteobacteria;o_Enterobacterales;f_Enterobacteriaceae;g_Escherichia
OAT34591.1/111-221	EFN9758086.1	562	Escherichia coli	-_cellular organisms;d_Bacteria;p_Proteobacteria;c_Gammaproteobacteria;o_Enterobacterales;f_Enterobacteriaceae;g_Escherichia;s_Escherichia coli
OAT34591.1/111-221	WP_010380972.1	754331	Escherichia sp. TW09308	-_cellular organisms;d_Bacteria;p_Proteobacteria;c_Gammaproteobacteria;o_Enterobacterales;f_Enterobacteriaceae;g_Escherichia;-_unclassified Escherichia;s_Escherichia sp. TW09308
OAT34591.1/111-221	KJT16606.1	925125	Salmonella enterica subsp. enterica serovar Heidelberg str. SARA36	-_cellular organisms;d_Bacteria;p_Proteobacteria;c_Gammaproteobacteria;o_Enterobacterales;f_Enterobacteriaceae;g_Salmonella;s_Salmonella enterica;-_Salmonella enterica subsp. enterica;-_Salmonella enterica subsp. enterica serovar Heidelberg;-_Salmonella enterica subsp. enterica serovar Heidelberg str. SARA36
OAT34591.1/111-221	WP_105270831.1	2093867	Escherichia sp. MOD1-EC5426	-_cellular organisms;d_Bacteria;p_Proteobacteria;c_Gammaproteobacteria;o_Enterobacterales;f_Enterobacteriaceae;g_Escherichia;-_unclassified Escherichia;s_Escherichia sp. MOD1-EC5426
OAT34591.1/111-221	EFA4953166.1	562	Escherichia coli	-_cellular organisms;d_Bacteria;p_Proteobacteria;c_Gammaproteobacteria;o_Enterobacterales;f_Enterobacteriaceae;g_Escherichia;s_Escherichia coli
OAT34591.1/111-221	WP_228929307.1	1499973	Escherichia marmotae	-_cellular organisms;d_Bacteria;p_Proteobacteria;c_Gammaproteobacteria;o_Enterobacterales;f_Enterobacteriaceae;g_Escherichia;s_Escherichia marmotae
OAT34591.1/111-221	EBQ0507720.1	59201	Salmonella enterica subsp. enterica	-_cellular organisms;d_Bacteria;p_Proteobacteria;c_Gammaproteobacteria;o_Enterobacterales;f_Enterobacteriaceae;g_Salmonella;s_Salmonella enterica;-_Salmonella enterica subsp. enterica
OAT34591.1/111-221	EDY1395769.1	28901	Salmonella enterica	-_cellular organisms;d_Bacteria;p_Proteobacteria;c_Gammaproteobacteria;o_Enterobacterales;f_Enterobacteriaceae;g_Salmonella;s_Salmonella enterica
OAT34591.1/111-221	EDN6660654.1	28901	Salmonella enterica	-_cellular organisms;d_Bacteria;p_Proteobacteria;c_Gammaproteobacteria;o_Enterobacterales;f_Enterobacteriaceae;g_Salmonella;s_Salmonella enterica
OAT34591.1/111-221	EAY3207328.1	28901	Salmonella enterica	-_cellular organisms;d_Bacteria;p_Proteobacteria;c_Gammaproteobacteria;o_Enterobacterales;f_Enterobacteriaceae;g_Salmonella;s_Salmonella enterica
OAT34591.1/111-221	RDS02616.1	1499973	Escherichia marmotae	-_cellular organisms;d_Bacteria;p_Proteobacteria;c_Gammaproteobacteria;o_Enterobacterales;f_Enterobacteriaceae;g_Escherichia;s_Escherichia marmotae
OAT34591.1/111-221	EEM8430083.1	29477	Salmonella enterica subsp. enterica serovar Essen	-_cellular organisms;d_Bacteria;p_Proteobacteria;c_Gammaproteobacteria;o_Enterobacterales;f_Enterobacteriaceae;g_Salmonella;s_Salmonella enterica;-_Salmonella enterica subsp. enterica;-_Salmonella enterica subsp. enterica serovar Essen
OAT34591.1/111-221	WP_186787543.1	28901	Salmonella enterica	-_cellular organisms;d_Bacteria;p_Proteobacteria;c_Gammaproteobacteria;o_Enterobacterales;f_Enterobacteriaceae;g_Salmonella;s_Salmonella enterica
OAT34591.1/111-221	WP_181503188.1	1499973	Escherichia marmotae	-_cellular organisms;d_Bacteria;p_Proteobacteria;c_Gammaproteobacteria;o_Enterobacterales;f_Enterobacteriaceae;g_Escherichia;s_Escherichia marmotae
OAT34591.1/111-221	WP_222656295.1	1499973	Escherichia marmotae	-_cellular organisms;d_Bacteria;p_Proteobacteria;c_Gammaproteobacteria;o_Enterobacterales;f_Enterobacteriaceae;g_Escherichia;s_Escherichia marmotae
OAT34591.1/111-221	EEU8795613.1	28901	Salmonella enterica	-_cellular organisms;d_Bacteria;p_Proteobacteria;c_Gammaproteobacteria;o_Enterobacterales;f_Enterobacteriaceae;g_Salmonella;s_Salmonella enterica
OAT34591.1/111-221	EDR4763602.1	165302	Salmonella enterica subsp. enterica serovar Reading	-_cellular organisms;d_Bacteria;p_Proteobacteria;c_Gammaproteobacteria;o_Enterobacterales;f_Enterobacteriaceae;g_Salmonella;s_Salmonella enterica;-_Salmonella enterica subsp. enterica;-_Salmonella enterica subsp. enterica serovar Reading
OAT34591.1/111-221	EEJ2474625.1	59201	Salmonella enterica subsp. enterica	-_cellular organisms;d_Bacteria;p_Proteobacteria;c_Gammaproteobacteria;o_Enterobacterales;f_Enterobacteriaceae;g_Salmonella;s_Salmonella enterica;-_Salmonella enterica subsp. enterica
OAT34591.1/111-221	EDX3176322.1	59201	Salmonella enterica subsp. enterica	-_cellular organisms;d_Bacteria;p_Proteobacteria;c_Gammaproteobacteria;o_Enterobacterales;f_Enterobacteriaceae;g_Salmonella;s_Salmonella enterica;-_Salmonella enterica subsp. enterica
OAT34591.1/111-221	EBR0431410.1	1603037	Salmonella enterica subsp. enterica serovar Vejle	-_cellular organisms;d_Bacteria;p_Proteobacteria;c_Gammaproteobacteria;o_Enterobacterales;f_Enterobacteriaceae;g_Salmonella;s_Salmonella enterica;-_Salmonella enterica subsp. enterica;-_Salmonella enterica subsp. enterica serovar Vejle
OAT34591.1/111-221	EDH5749122.1	179997	Salmonella enterica subsp. enterica serovar Havana	-_cellular organisms;d_Bacteria;p_Proteobacteria;c_Gammaproteobacteria;o_Enterobacterales;f_Enterobacteriaceae;g_Salmonella;s_Salmonella enterica;-_Salmonella enterica subsp. enterica;-_Salmonella enterica subsp. enterica serovar Havana
OAT34591.1/111-221	EDH9155261.1	28901	Salmonella enterica	-_cellular organisms;d_Bacteria;p_Proteobacteria;c_Gammaproteobacteria;o_Enterobacterales;f_Enterobacteriaceae;g_Salmonella;s_Salmonella enterica
OAT34591.1/111-221	EDH6014589.1	28901	Salmonella enterica	-_cellular organisms;d_Bacteria;p_Proteobacteria;c_Gammaproteobacteria;o_Enterobacterales;f_Enterobacteriaceae;g_Salmonella;s_Salmonella enterica
OAT34591.1/111-221	EDN0075550.1	28901	Salmonella enterica	-_cellular organisms;d_Bacteria;p_Proteobacteria;c_Gammaproteobacteria;o_Enterobacterales;f_Enterobacteriaceae;g_Salmonella;s_Salmonella enterica
OAT34591.1/111-221	EDI6171804.1	28901	Salmonella enterica	-_cellular organisms;d_Bacteria;p_Proteobacteria;c_Gammaproteobacteria;o_Enterobacterales;f_Enterobacteriaceae;g_Salmonella;s_Salmonella enterica
OAT34591.1/111-221	EHC96132.1	913083	Salmonella enterica subsp. enterica serovar Uganda str. R8-3404	-_cellular organisms;d_Bacteria;p_Proteobacteria;c_Gammaproteobacteria;o_Enterobacterales;f_Enterobacteriaceae;g_Salmonella;s_Salmonella enterica;-_Salmonella enterica subsp. enterica;-_Salmonella enterica subsp. enterica serovar Uganda;-_Salmonella enterica subsp. enterica serovar Uganda str. R8-3404
OAT34591.1/111-221	EBG1003734.1	28901	Salmonella enterica	-_cellular organisms;d_Bacteria;p_Proteobacteria;c_Gammaproteobacteria;o_Enterobacterales;f_Enterobacteriaceae;g_Salmonella;s_Salmonella enterica
OAT34591.1/111-221	EAZ0221978.1	28901	Salmonella enterica	-_cellular organisms;d_Bacteria;p_Proteobacteria;c_Gammaproteobacteria;o_Enterobacterales;f_Enterobacteriaceae;g_Salmonella;s_Salmonella enterica
OAT34591.1/111-221	EDV9994449.1	59201	Salmonella enterica subsp. enterica	-_cellular organisms;d_Bacteria;p_Proteobacteria;c_Gammaproteobacteria;o_Enterobacterales;f_Enterobacteriaceae;g_Salmonella;s_Salmonella enterica;-_Salmonella enterica subsp. enterica
OAT34591.1/111-221	EAA3578698.1	28901	Salmonella enterica	-_cellular organisms;d_Bacteria;p_Proteobacteria;c_Gammaproteobacteria;o_Enterobacterales;f_Enterobacteriaceae;g_Salmonella;s_Salmonella enterica
OAT34591.1/111-221	AXD64491.1	28901	Salmonella enterica	-_cellular organisms;d_Bacteria;p_Proteobacteria;c_Gammaproteobacteria;o_Enterobacterales;f_Enterobacteriaceae;g_Salmonella;s_Salmonella enterica
OAT34591.1/111-221	EAU6530160.1	28901	Salmonella enterica	-_cellular organisms;d_Bacteria;p_Proteobacteria;c_Gammaproteobacteria;o_Enterobacterales;f_Enterobacteriaceae;g_Salmonella;s_Salmonella enterica
OAT34591.1/111-221	HAB5172056.1	59201	Salmonella enterica subsp. enterica	-_cellular organisms;d_Bacteria;p_Proteobacteria;c_Gammaproteobacteria;o_Enterobacterales;f_Enterobacteriaceae;g_Salmonella;s_Salmonella enterica;-_Salmonella enterica subsp. enterica
OAT34591.1/111-221	EEL0092417.1	28901	Salmonella enterica	-_cellular organisms;d_Bacteria;p_Proteobacteria;c_Gammaproteobacteria;o_Enterobacterales;f_Enterobacteriaceae;g_Salmonella;s_Salmonella enterica
OAT34591.1/111-221	ECA0240582.1	596	Salmonella enterica subsp. enterica serovar Muenchen	-_cellular organisms;d_Bacteria;p_Proteobacteria;c_Gammaproteobacteria;o_Enterobacterales;f_Enterobacteriaceae;g_Salmonella;s_Salmonella enterica;-_Salmonella enterica subsp. enterica;-_Salmonella enterica subsp. enterica serovar Muenchen
OAT34591.1/111-221	EEN4659018.1	34039	Salmonella enterica subsp. enterica serovar Banana	-_cellular organisms;d_Bacteria;p_Proteobacteria;c_Gammaproteobacteria;o_Enterobacterales;f_Enterobacteriaceae;g_Salmonella;s_Salmonella enterica;-_Salmonella enterica subsp. enterica;-_Salmonella enterica subsp. enterica serovar Banana
OAT34591.1/111-221	EAM5603767.1	28901	Salmonella enterica	-_cellular organisms;d_Bacteria;p_Proteobacteria;c_Gammaproteobacteria;o_Enterobacterales;f_Enterobacteriaceae;g_Salmonella;s_Salmonella enterica
OAT34591.1/111-221	EBS6311078.1	2564789	Salmonella enterica subsp. enterica serovar Millesi	-_cellular organisms;d_Bacteria;p_Proteobacteria;c_Gammaproteobacteria;o_Enterobacterales;f_Enterobacteriaceae;g_Salmonella;s_Salmonella enterica;-_Salmonella enterica subsp. enterica;-_Salmonella enterica subsp. enterica serovar Millesi
OAT34591.1/111-221	EAB9375977.1	28901	Salmonella enterica	-_cellular organisms;d_Bacteria;p_Proteobacteria;c_Gammaproteobacteria;o_Enterobacterales;f_Enterobacteriaceae;g_Salmonella;s_Salmonella enterica
OAT34591.1/111-221	AZT44241.1	59201	Salmonella enterica subsp. enterica	-_cellular organisms;d_Bacteria;p_Proteobacteria;c_Gammaproteobacteria;o_Enterobacterales;f_Enterobacteriaceae;g_Salmonella;s_Salmonella enterica;-_Salmonella enterica subsp. enterica
OAT34591.1/111-221	EAA6849464.1	59201	Salmonella enterica subsp. enterica	-_cellular organisms;d_Bacteria;p_Proteobacteria;c_Gammaproteobacteria;o_Enterobacterales;f_Enterobacteriaceae;g_Salmonella;s_Salmonella enterica;-_Salmonella enterica subsp. enterica
OAT34591.1/111-221	ECD0598303.1	59201	Salmonella enterica subsp. enterica	-_cellular organisms;d_Bacteria;p_Proteobacteria;c_Gammaproteobacteria;o_Enterobacterales;f_Enterobacteriaceae;g_Salmonella;s_Salmonella enterica;-_Salmonella enterica subsp. enterica
OAT34591.1/111-221	EAA2975828.1	28901	Salmonella enterica	-_cellular organisms;d_Bacteria;p_Proteobacteria;c_Gammaproteobacteria;o_Enterobacterales;f_Enterobacteriaceae;g_Salmonella;s_Salmonella enterica
OAT34591.1/111-221	EEH9325119.1	28901	Salmonella enterica	-_cellular organisms;d_Bacteria;p_Proteobacteria;c_Gammaproteobacteria;o_Enterobacterales;f_Enterobacteriaceae;g_Salmonella;s_Salmonella enterica
OAT34591.1/111-221	EBV7972685.1	28901	Salmonella enterica	-_cellular organisms;d_Bacteria;p_Proteobacteria;c_Gammaproteobacteria;o_Enterobacterales;f_Enterobacteriaceae;g_Salmonella;s_Salmonella enterica
OAT34591.1/111-221	ECL1612635.1	59201	Salmonella enterica subsp. enterica	-_cellular organisms;d_Bacteria;p_Proteobacteria;c_Gammaproteobacteria;o_Enterobacterales;f_Enterobacteriaceae;g_Salmonella;s_Salmonella enterica;-_Salmonella enterica subsp. enterica
OAT34591.1/111-221	EEA9036885.1	59201	Salmonella enterica subsp. enterica	-_cellular organisms;d_Bacteria;p_Proteobacteria;c_Gammaproteobacteria;o_Enterobacterales;f_Enterobacteriaceae;g_Salmonella;s_Salmonella enterica;-_Salmonella enterica subsp. enterica
OAT34591.1/111-221	ECG0359401.1	28901	Salmonella enterica	-_cellular organisms;d_Bacteria;p_Proteobacteria;c_Gammaproteobacteria;o_Enterobacterales;f_Enterobacteriaceae;g_Salmonella;s_Salmonella enterica
OAT34591.1/111-221	EBP1797973.1	28901	Salmonella enterica	-_cellular organisms;d_Bacteria;p_Proteobacteria;c_Gammaproteobacteria;o_Enterobacterales;f_Enterobacteriaceae;g_Salmonella;s_Salmonella enterica
OAT34591.1/111-221	ECF3000497.1	286782	Salmonella enterica subsp. enterica serovar Stanleyville	-_cellular organisms;d_Bacteria;p_Proteobacteria;c_Gammaproteobacteria;o_Enterobacterales;f_Enterobacteriaceae;g_Salmonella;s_Salmonella enterica;-_Salmonella enterica subsp. enterica;-_Salmonella enterica subsp. enterica serovar Stanleyville
OAT34591.1/111-221	EAZ2384352.1	28901	Salmonella enterica	-_cellular organisms;d_Bacteria;p_Proteobacteria;c_Gammaproteobacteria;o_Enterobacterales;f_Enterobacteriaceae;g_Salmonella;s_Salmonella enterica
OAT34591.1/111-221	EAA2680702.1	28901	Salmonella enterica	-_cellular organisms;d_Bacteria;p_Proteobacteria;c_Gammaproteobacteria;o_Enterobacterales;f_Enterobacteriaceae;g_Salmonella;s_Salmonella enterica
OAT34591.1/111-221	QLP31118.1	1499973	Escherichia marmotae	-_cellular organisms;d_Bacteria;p_Proteobacteria;c_Gammaproteobacteria;o_Enterobacterales;f_Enterobacteriaceae;g_Escherichia;s_Escherichia marmotae
OAT34591.1/111-221	WP_167852926.1	562	Escherichia coli	-_cellular organisms;d_Bacteria;p_Proteobacteria;c_Gammaproteobacteria;o_Enterobacterales;f_Enterobacteriaceae;g_Escherichia;s_Escherichia coli
OAT34591.1/111-221	EGA9632787.1	28901	Salmonella enterica	-_cellular organisms;d_Bacteria;p_Proteobacteria;c_Gammaproteobacteria;o_Enterobacterales;f_Enterobacteriaceae;g_Salmonella;s_Salmonella enterica
OAT34591.1/111-221	HAK8632152.1	28901	Salmonella enterica	-_cellular organisms;d_Bacteria;p_Proteobacteria;c_Gammaproteobacteria;o_Enterobacterales;f_Enterobacteriaceae;g_Salmonella;s_Salmonella enterica
OAT34591.1/111-221	EHE9098718.1	28901	Salmonella enterica	-_cellular organisms;d_Bacteria;p_Proteobacteria;c_Gammaproteobacteria;o_Enterobacterales;f_Enterobacteriaceae;g_Salmonella;s_Salmonella enterica
OAT34591.1/111-221	EFT3067530.1	28901	Salmonella enterica	-_cellular organisms;d_Bacteria;p_Proteobacteria;c_Gammaproteobacteria;o_Enterobacterales;f_Enterobacteriaceae;g_Salmonella;s_Salmonella enterica
OAT34591.1/111-221	EEL1999000.1	28901	Salmonella enterica	-_cellular organisms;d_Bacteria;p_Proteobacteria;c_Gammaproteobacteria;o_Enterobacterales;f_Enterobacteriaceae;g_Salmonella;s_Salmonella enterica
OAT34591.1/111-221	EEC5644399.1	28901	Salmonella enterica	-_cellular organisms;d_Bacteria;p_Proteobacteria;c_Gammaproteobacteria;o_Enterobacterales;f_Enterobacteriaceae;g_Salmonella;s_Salmonella enterica
OAT34591.1/111-221	WP_162798840.1	28901	Salmonella enterica	-_cellular organisms;d_Bacteria;p_Proteobacteria;c_Gammaproteobacteria;o_Enterobacterales;f_Enterobacteriaceae;g_Salmonella;s_Salmonella enterica
OAT34591.1/111-221	EEP1077944.1	28901	Salmonella enterica	-_cellular organisms;d_Bacteria;p_Proteobacteria;c_Gammaproteobacteria;o_Enterobacterales;f_Enterobacteriaceae;g_Salmonella;s_Salmonella enterica
OAT34591.1/111-221	EGI2507006.1	28901	Salmonella enterica	-_cellular organisms;d_Bacteria;p_Proteobacteria;c_Gammaproteobacteria;o_Enterobacterales;f_Enterobacteriaceae;g_Salmonella;s_Salmonella enterica
OAT34591.1/111-221	HAK2176665.1	28901	Salmonella enterica	-_cellular organisms;d_Bacteria;p_Proteobacteria;c_Gammaproteobacteria;o_Enterobacterales;f_Enterobacteriaceae;g_Salmonella;s_Salmonella enterica
OAT34591.1/111-221	WP_162803795.1	28901	Salmonella enterica	-_cellular organisms;d_Bacteria;p_Proteobacteria;c_Gammaproteobacteria;o_Enterobacterales;f_Enterobacteriaceae;g_Salmonella;s_Salmonella enterica
OAT34591.1/111-221	EGH2515801.1	1005394	Salmonella enterica subsp. enterica serovar Oslo	-_cellular organisms;d_Bacteria;p_Proteobacteria;c_Gammaproteobacteria;o_Enterobacterales;f_Enterobacteriaceae;g_Salmonella;s_Salmonella enterica;-_Salmonella enterica subsp. enterica;-_Salmonella enterica subsp. enterica serovar Oslo
OAT34591.1/111-221	EEC4892123.1	28901	Salmonella enterica	-_cellular organisms;d_Bacteria;p_Proteobacteria;c_Gammaproteobacteria;o_Enterobacterales;f_Enterobacteriaceae;g_Salmonella;s_Salmonella enterica
OAT34591.1/111-221	EEL2515002.1	28901	Salmonella enterica	-_cellular organisms;d_Bacteria;p_Proteobacteria;c_Gammaproteobacteria;o_Enterobacterales;f_Enterobacteriaceae;g_Salmonella;s_Salmonella enterica
OAT34591.1/111-221	WP_105266891.1	2093883	Escherichia sp. MOD1-EC6097	-_cellular organisms;d_Bacteria;p_Proteobacteria;c_Gammaproteobacteria;o_Enterobacterales;f_Enterobacteriaceae;g_Escherichia;-_unclassified Escherichia;s_Escherichia sp. MOD1-EC6097
OAT34591.1/111-221	WP_105283224.1	2608889	unclassified Escherichia	-_cellular organisms;d_Bacteria;p_Proteobacteria;c_Gammaproteobacteria;o_Enterobacterales;f_Enterobacteriaceae;g_Escherichia;-_unclassified Escherichia
OAT34591.1/111-221	WP_194309575.1	2723302	Escherichia sp. 14.0993	-_cellular organisms;d_Bacteria;p_Proteobacteria;c_Gammaproteobacteria;o_Enterobacterales;f_Enterobacteriaceae;g_Escherichia;-_unclassified Escherichia;s_Escherichia sp. 14.0993
OAT34591.1/111-221	AXD88410.1	28901	Salmonella enterica	-_cellular organisms;d_Bacteria;p_Proteobacteria;c_Gammaproteobacteria;o_Enterobacterales;f_Enterobacteriaceae;g_Salmonella;s_Salmonella enterica
OAT34591.1/111-221	EBF5087986.1	28901	Salmonella enterica	-_cellular organisms;d_Bacteria;p_Proteobacteria;c_Gammaproteobacteria;o_Enterobacterales;f_Enterobacteriaceae;g_Salmonella;s_Salmonella enterica
OAT34591.1/111-221	WP_140428058.1	28901	Salmonella enterica	-_cellular organisms;d_Bacteria;p_Proteobacteria;c_Gammaproteobacteria;o_Enterobacterales;f_Enterobacteriaceae;g_Salmonella;s_Salmonella enterica
OAT34591.1/111-221	EBE5557542.1	28901	Salmonella enterica	-_cellular organisms;d_Bacteria;p_Proteobacteria;c_Gammaproteobacteria;o_Enterobacterales;f_Enterobacteriaceae;g_Salmonella;s_Salmonella enterica
OAT34591.1/111-221	EAT4198811.1	28901	Salmonella enterica	-_cellular organisms;d_Bacteria;p_Proteobacteria;c_Gammaproteobacteria;o_Enterobacterales;f_Enterobacteriaceae;g_Salmonella;s_Salmonella enterica
OAT34591.1/111-221	ECS3010087.1	260680	Salmonella enterica subsp. enterica serovar Livingstone	-_cellular organisms;d_Bacteria;p_Proteobacteria;c_Gammaproteobacteria;o_Enterobacterales;f_Enterobacteriaceae;g_Salmonella;s_Salmonella enterica;-_Salmonella enterica subsp. enterica;-_Salmonella enterica subsp. enterica serovar Livingstone
OAT34591.1/111-221	EEI7105000.1	28901	Salmonella enterica	-_cellular organisms;d_Bacteria;p_Proteobacteria;c_Gammaproteobacteria;o_Enterobacterales;f_Enterobacteriaceae;g_Salmonella;s_Salmonella enterica
OAT34591.1/111-221	WP_072102907.1	28901	Salmonella enterica	-_cellular organisms;d_Bacteria;p_Proteobacteria;c_Gammaproteobacteria;o_Enterobacterales;f_Enterobacteriaceae;g_Salmonella;s_Salmonella enterica
OAT34591.1/111-221	WP_223135292.1	28901	Salmonella enterica	-_cellular organisms;d_Bacteria;p_Proteobacteria;c_Gammaproteobacteria;o_Enterobacterales;f_Enterobacteriaceae;g_Salmonella;s_Salmonella enterica
OAT34591.1/111-221	WP_220388191.1	1499973	Escherichia marmotae	-_cellular organisms;d_Bacteria;p_Proteobacteria;c_Gammaproteobacteria;o_Enterobacterales;f_Enterobacteriaceae;g_Escherichia;s_Escherichia marmotae
OAT34591.1/111-221	WP_139774897.1	28901	Salmonella enterica	-_cellular organisms;d_Bacteria;p_Proteobacteria;c_Gammaproteobacteria;o_Enterobacterales;f_Enterobacteriaceae;g_Salmonella;s_Salmonella enterica
OAT34591.1/111-221	EAB3338188.1	28901	Salmonella enterica	-_cellular organisms;d_Bacteria;p_Proteobacteria;c_Gammaproteobacteria;o_Enterobacterales;f_Enterobacteriaceae;g_Salmonella;s_Salmonella enterica
OAT34591.1/111-221	WP_161738858.1	47917	Serratia fonticola	-_cellular organisms;d_Bacteria;p_Proteobacteria;c_Gammaproteobacteria;o_Enterobacterales;f_Yersiniaceae;g_Serratia;s_Serratia fonticola
OAT34591.1/111-221	EEH6180956.1	28901	Salmonella enterica	-_cellular organisms;d_Bacteria;p_Proteobacteria;c_Gammaproteobacteria;o_Enterobacterales;f_Enterobacteriaceae;g_Salmonella;s_Salmonella enterica
OAT34591.1/111-221	EAW1687710.1	59201	Salmonella enterica subsp. enterica	-_cellular organisms;d_Bacteria;p_Proteobacteria;c_Gammaproteobacteria;o_Enterobacterales;f_Enterobacteriaceae;g_Salmonella;s_Salmonella enterica;-_Salmonella enterica subsp. enterica
OAT34591.1/111-221	EEF2012813.1	28901	Salmonella enterica	-_cellular organisms;d_Bacteria;p_Proteobacteria;c_Gammaproteobacteria;o_Enterobacterales;f_Enterobacteriaceae;g_Salmonella;s_Salmonella enterica
OAT34591.1/111-221	WP_220124127.1	550	Enterobacter cloacae	-_cellular organisms;d_Bacteria;p_Proteobacteria;c_Gammaproteobacteria;o_Enterobacterales;f_Enterobacteriaceae;g_Enterobacter;-_Enterobacter cloacae complex;s_Enterobacter cloacae
OAT34591.1/111-221	CUA63119.1	562	Escherichia coli	-_cellular organisms;d_Bacteria;p_Proteobacteria;c_Gammaproteobacteria;o_Enterobacterales;f_Enterobacteriaceae;g_Escherichia;s_Escherichia coli
OAT34591.1/111-221	WP_077890035.1	562	Escherichia coli	-_cellular organisms;d_Bacteria;p_Proteobacteria;c_Gammaproteobacteria;o_Enterobacterales;f_Enterobacteriaceae;g_Escherichia;s_Escherichia coli
OAT34591.1/111-221	WP_166540427.1	2698881	Proteus sp. G2669	-_cellular organisms;d_Bacteria;p_Proteobacteria;c_Gammaproteobacteria;o_Enterobacterales;f_Morganellaceae;g_Proteus;-_unclassified Proteus;s_Proteus sp. G2669
OAT34591.1/111-221	WP_227336973.1	2883107	Proteus sp. NMG38-2	-_cellular organisms;d_Bacteria;p_Proteobacteria;c_Gammaproteobacteria;o_Enterobacterales;f_Morganellaceae;g_Proteus;-_unclassified Proteus;s_Proteus sp. NMG38-2
OAT34591.1/111-221	WP_228766693.1	2490996	Proteus sp. GOKU	-_cellular organisms;d_Bacteria;p_Proteobacteria;c_Gammaproteobacteria;o_Enterobacterales;f_Morganellaceae;g_Proteus;-_unclassified Proteus;s_Proteus sp. GOKU
OAT34591.1/111-221	WP_194952680.1	583	Proteus	-_cellular organisms;d_Bacteria;p_Proteobacteria;c_Gammaproteobacteria;o_Enterobacterales;f_Morganellaceae;g_Proteus
OAT34591.1/111-221	WP_196567664.1	1973495	Proteus alimentorum	-_cellular organisms;d_Bacteria;p_Proteobacteria;c_Gammaproteobacteria;o_Enterobacterales;f_Morganellaceae;g_Proteus;s_Proteus alimentorum
OAT34591.1/111-221	MBW2661651.1	2026735	Deltaproteobacteria bacterium	-_cellular organisms;d_Bacteria;p_Proteobacteria;-_delta/epsilon subdivisions;c_Deltaproteobacteria;-_unclassified Deltaproteobacteria;s_Deltaproteobacteria bacterium
OAT34591.1/111-221	EST58047.1	1312367	Proteus hauseri ZMd44	-_cellular organisms;d_Bacteria;p_Proteobacteria;c_Gammaproteobacteria;o_Enterobacterales;f_Morganellaceae;g_Proteus;s_Proteus hauseri;-_Proteus hauseri ZMd44
OAT34591.1/111-221	WP_046234926.1	684063	Paenibacillus algorifonticola	-_cellular organisms;d_Bacteria;-_Terrabacteria group;p_Firmicutes;c_Bacilli;o_Bacillales;f_Paenibacillaceae;g_Paenibacillus;s_Paenibacillus algorifonticola
OAT34591.1/111-221	WP_218158281.1	684063	Paenibacillus algorifonticola	-_cellular organisms;d_Bacteria;-_Terrabacteria group;p_Firmicutes;c_Bacilli;o_Bacillales;f_Paenibacillaceae;g_Paenibacillus;s_Paenibacillus algorifonticola
OAT34591.1/111-221	WP_201746615.1	61645	Enterobacter asburiae	-_cellular organisms;d_Bacteria;p_Proteobacteria;c_Gammaproteobacteria;o_Enterobacterales;f_Enterobacteriaceae;g_Enterobacter;-_Enterobacter cloacae complex;s_Enterobacter asburiae
OAT34591.1/111-221	WP_226894195.1	2742608	Proteus sp. FME41	-_cellular organisms;d_Bacteria;p_Proteobacteria;c_Gammaproteobacteria;o_Enterobacterales;f_Morganellaceae;g_Proteus;-_unclassified Proteus;s_Proteus sp. FME41
OAT34591.1/111-221	WP_081650705.1	82981	Leminorella grimontii	-_cellular organisms;d_Bacteria;p_Proteobacteria;c_Gammaproteobacteria;o_Enterobacterales;f_Budviciaceae;g_Leminorella;s_Leminorella grimontii
OAT34591.1/111-221	HBA9130488.1	562	Escherichia coli	-_cellular organisms;d_Bacteria;p_Proteobacteria;c_Gammaproteobacteria;o_Enterobacterales;f_Enterobacteriaceae;g_Escherichia;s_Escherichia coli
OAT34591.1/111-221	EFA5446864.1	562	Escherichia coli	-_cellular organisms;d_Bacteria;p_Proteobacteria;c_Gammaproteobacteria;o_Enterobacterales;f_Enterobacteriaceae;g_Escherichia;s_Escherichia coli
OAT34591.1/111-221	WP_145973683.1	1485952	Metakosakonia massiliensis	-_cellular organisms;d_Bacteria;p_Proteobacteria;c_Gammaproteobacteria;o_Enterobacterales;f_Enterobacteriaceae;g_Metakosakonia;s_Metakosakonia massiliensis
OAT34591.1/111-221	WP_061554608.1	82983	Obesumbacterium proteus	-_cellular organisms;d_Bacteria;p_Proteobacteria;c_Gammaproteobacteria;o_Enterobacterales;f_Hafniaceae;g_Obesumbacterium;s_Obesumbacterium proteus
OAT34591.1/111-221	WP_131021423.1	82983	Obesumbacterium proteus	-_cellular organisms;d_Bacteria;p_Proteobacteria;c_Gammaproteobacteria;o_Enterobacterales;f_Hafniaceae;g_Obesumbacterium;s_Obesumbacterium proteus
OAT34591.1/111-221	MBP8808475.1	2212474	Kofleriaceae bacterium	-_cellular organisms;d_Bacteria;p_Proteobacteria;-_delta/epsilon subdivisions;c_Deltaproteobacteria;o_Myxococcales;-_Nannocystineae;f_Kofleriaceae;-_unclassified Kofleriaceae;s_Kofleriaceae bacterium
OAT34591.1/111-221	MBP9168342.1	2212474	Kofleriaceae bacterium	-_cellular organisms;d_Bacteria;p_Proteobacteria;-_delta/epsilon subdivisions;c_Deltaproteobacteria;o_Myxococcales;-_Nannocystineae;f_Kofleriaceae;-_unclassified Kofleriaceae;s_Kofleriaceae bacterium
OAT34591.1/111-221	NRB75105.1	2026801	Verrucomicrobiales bacterium	-_cellular organisms;d_Bacteria;-_PVC group;p_Verrucomicrobia;c_Verrucomicrobiae;o_Verrucomicrobiales;-_unclassified Verrucomicrobiales;s_Verrucomicrobiales bacterium
OAT34591.1/111-221	MXC54261.1	562	Escherichia coli	-_cellular organisms;d_Bacteria;p_Proteobacteria;c_Gammaproteobacteria;o_Enterobacterales;f_Enterobacteriaceae;g_Escherichia;s_Escherichia coli
OAT34591.1/111-221	WP_118163888.1	1263	Ruminococcus	-_cellular organisms;d_Bacteria;-_Terrabacteria group;p_Firmicutes;c_Clostridia;o_Eubacteriales;f_Oscillospiraceae;g_Ruminococcus
OAT34591.1/111-221	WP_080562842.1	885040	Enterobacter soli	-_cellular organisms;d_Bacteria;p_Proteobacteria;c_Gammaproteobacteria;o_Enterobacterales;f_Enterobacteriaceae;g_Enterobacter;s_Enterobacter soli
OAT34591.1/111-221	EFO0889784.1	562	Escherichia coli	-_cellular organisms;d_Bacteria;p_Proteobacteria;c_Gammaproteobacteria;o_Enterobacterales;f_Enterobacteriaceae;g_Escherichia;s_Escherichia coli
OAT34591.1/111-221	MBB7188679.1	562	Escherichia coli	-_cellular organisms;d_Bacteria;p_Proteobacteria;c_Gammaproteobacteria;o_Enterobacterales;f_Enterobacteriaceae;g_Escherichia;s_Escherichia coli
OAT34591.1/111-221	WP_004100023.1	2374	Acetonema longum	-_cellular organisms;d_Bacteria;-_Terrabacteria group;p_Firmicutes;c_Negativicutes;o_Selenomonadales;f_Sporomusaceae;g_Acetonema;s_Acetonema longum
OAT34591.1/111-221	WP_212593413.1	2017544	Shewanella intestini	-_cellular organisms;d_Bacteria;p_Proteobacteria;c_Gammaproteobacteria;o_Alteromonadales;f_Shewanellaceae;g_Shewanella;s_Shewanella intestini
OAT34591.1/111-221	WP_228497528.1	2664453	Shewanella sp. XMDDZSB0408	-_cellular organisms;d_Bacteria;p_Proteobacteria;c_Gammaproteobacteria;o_Alteromonadales;f_Shewanellaceae;g_Shewanella;-_unclassified Shewanella;s_Shewanella sp. XMDDZSB0408
OAT34591.1/111-221	MBS4924352.1	1160721	Ruminococcus bicirculans	-_cellular organisms;d_Bacteria;-_Terrabacteria group;p_Firmicutes;c_Clostridia;o_Eubacteriales;f_Oscillospiraceae;g_Ruminococcus;s_Ruminococcus bicirculans
OAT34591.1/111-221	EHY4583191.1	562	Escherichia coli	-_cellular organisms;d_Bacteria;p_Proteobacteria;c_Gammaproteobacteria;o_Enterobacterales;f_Enterobacteriaceae;g_Escherichia;s_Escherichia coli
OAT34591.1/111-221	WP_185236101.1	2761453	Teredinibacter franksiae	-_cellular organisms;d_Bacteria;p_Proteobacteria;c_Gammaproteobacteria;o_Cellvibrionales;f_Cellvibrionaceae;g_Teredinibacter;s_Teredinibacter franksiae
OAT34591.1/111-221	ECU3792657.1	486999	Salmonella enterica subsp. enterica serovar Meleagridis	-_cellular organisms;d_Bacteria;p_Proteobacteria;c_Gammaproteobacteria;o_Enterobacterales;f_Enterobacteriaceae;g_Salmonella;s_Salmonella enterica;-_Salmonella enterica subsp. enterica;-_Salmonella enterica subsp. enterica serovar Meleagridis
OAT34591.1/111-221	MBK84202.1	1913989	Gammaproteobacteria bacterium	-_cellular organisms;d_Bacteria;p_Proteobacteria;c_Gammaproteobacteria;-_unclassified Gammaproteobacteria;s_Gammaproteobacteria bacterium
OAT34591.1/111-221	EAN5263271.1	28901	Salmonella enterica	-_cellular organisms;d_Bacteria;p_Proteobacteria;c_Gammaproteobacteria;o_Enterobacterales;f_Enterobacteriaceae;g_Salmonella;s_Salmonella enterica
OAT34591.1/111-221	WP_227659972.1	82979	Budvicia aquatica	-_cellular organisms;d_Bacteria;p_Proteobacteria;c_Gammaproteobacteria;o_Enterobacterales;f_Budviciaceae;g_Budvicia;s_Budvicia aquatica
OAT34591.1/111-221	WP_084167110.1	82979	Budvicia aquatica	-_cellular organisms;d_Bacteria;p_Proteobacteria;c_Gammaproteobacteria;o_Enterobacterales;f_Budviciaceae;g_Budvicia;s_Budvicia aquatica
OAT34591.1/111-221	EBD5005725.1	28901	Salmonella enterica	-_cellular organisms;d_Bacteria;p_Proteobacteria;c_Gammaproteobacteria;o_Enterobacterales;f_Enterobacteriaceae;g_Salmonella;s_Salmonella enterica
OAT34591.1/111-221	PHI31733.1	82979	Budvicia aquatica	-_cellular organisms;d_Bacteria;p_Proteobacteria;c_Gammaproteobacteria;o_Enterobacterales;f_Budviciaceae;g_Budvicia;s_Budvicia aquatica
